{
  "IsEncrypted": false,
  "Values": {
    "AzureWebJobsStorage": "UseDevelopmentStorage=true",
    "FUNCTIONS_WORKER_RUNTIME": "python",
    "COSMOS_CONNECTION_STRING": "AccountEndpoint=https://familyleppanen-cosmic-rust.documents.azure.com:443/;AccountKey=FZWpWvjxjsAsmbRWMjFQP99R26ov994hii8uKa1ggGLf2pPezP3rWIIhhr4i3LhTBq38t8WBxb6ZACDbBe1meQ==;",
    "SENDGRID_API_KEY": "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",
    "SENDGRID_FROM_EMAIL": "noreply@familyleppanen.net"
  }
}